cycle,avg_attention,avg_performance,is_break,high_attention_count
0,0.5469659882954278,0.5,true,9
1,0.600167548295866,0.5032,true,9
2,0.6482906319276381,0.5067999999999999,true,11
3,0.6954820697021643,0.5104000000000001,true,15
4,0.7389516996031016,0.5152,true,16
5,0.7786079211386976,0.5212,true,17
6,0.8159713167949476,0.5276000000000001,true,18
7,0.848170576545864,0.5344000000000001,true,19
8,0.875348105899401,0.5416,true,20
9,0.9012875411565245,0.5491999999999999,true,21
10,0.9213889862001432,0.5572,true,23
11,0.9380664829409008,0.5656000000000001,true,23
12,0.9515490885069836,0.5748000000000001,true,23
13,0.9643490885069833,0.5840000000000001,true,24
14,0.9738350982163664,0.5932000000000002,true,25
15,0.9818350982163665,0.6028,false,25
16,0.9414350982163663,0.612,false,25
17,0.9002350982163663,0.6212000000000001,false,24
18,0.8590350982163666,0.6304000000000001,false,23
19,0.8194350982163664,0.6352,false,23
20,0.7806350982163665,0.6396000000000002,false,23
21,0.7418350982163663,0.6396000000000002,false,14
22,0.7030350982163662,0.6396000000000002,false,13
23,0.6626350982163661,0.6396000000000002,false,12
24,0.6214350982163661,0.6396000000000002,false,11
25,0.5762350982163662,0.6396000000000002,false,0
26,0.524635098216366,0.6396000000000002,false,0
27,0.47303509821636625,0.6396000000000002,false,0
28,0.4222350982163661,0.6396000000000002,false,0
29,0.3706350982163663,0.6396000000000002,false,0
30,0.32072584093211653,0.6396000000000002,true,0
31,0.3691258409321165,0.6396000000000002,true,0
32,0.4175258409321165,0.6396000000000002,true,0
33,0.46592584093211664,0.6396000000000002,true,0
34,0.5135258409321163,0.6396000000000002,true,0
35,0.5611258409321166,0.6396000000000002,true,0
36,0.6119258409321165,0.6396000000000002,true,12
37,0.6675258409321166,0.6396000000000002,true,12
38,0.7239258409321168,0.6444000000000001,true,12
39,0.7811258409321166,0.6492000000000001,true,14
40,0.8295258409321167,0.6544000000000001,true,21
41,0.8627258409321169,0.6600000000000001,true,21
42,0.8919258409321169,0.6684,true,22
43,0.9203258409321167,0.6768000000000001,true,23
44,0.9448404817508071,0.6856000000000002,true,24
45,0.9684404817508071,0.6948000000000002,false,24
46,0.9288404817508069,0.7036000000000002,false,24
47,0.8876404817508071,0.7124000000000003,false,24
48,0.8448404817508073,0.7212000000000002,false,23
49,0.8012404817508073,0.7252000000000003,false,22
50,0.7568404817508072,0.7276000000000002,false,22
51,0.711640481750807,0.7276000000000002,false,12
52,0.6656404817508071,0.7276000000000002,false,6
53,0.6196404817508069,0.7276000000000002,false,6
54,0.5728404817508069,0.7276000000000002,false,6
55,0.523640481750807,0.7276000000000002,false,0
56,0.4720404817508067,0.7276000000000002,false,0
57,0.42044048175080706,0.7276000000000002,false,0
58,0.3696404817508068,0.7276000000000002,false,0
59,0.31764048175080695,0.7276000000000002,false,0
60,0.2660880308960494,0.7276000000000002,true,0
61,0.3096880308960494,0.7276000000000002,true,0
62,0.35248803089604935,0.7276000000000002,true,0
63,0.3952880308960494,0.7276000000000002,true,0
64,0.43968803089604913,0.7276000000000002,true,0
65,0.4840880308960495,0.7276000000000002,true,0
66,0.5324880308960495,0.7276000000000002,true,6
67,0.5832880308960494,0.7276000000000002,true,6
68,0.6340880308960496,0.7300000000000001,true,6
69,0.6856880308960495,0.7324,true,8
70,0.7332880308960493,0.7348000000000003,true,15
71,0.7768880308960496,0.7380000000000001,true,17
72,0.8204880308960496,0.7440000000000003,true,22
73,0.8656880308960495,0.7508000000000004,true,23
74,0.9092880308960496,0.7596000000000004,true,23
75,0.9472880308960496,0.7688000000000004,false,23
76,0.9084880308960492,0.7776000000000002,false,23
77,0.8696880308960495,0.7860000000000003,false,23
78,0.8316880308960496,0.7944000000000002,false,23
79,0.7944880308960497,0.7984000000000004,false,22
80,0.7564880308960497,0.8012000000000004,false,21
81,0.7176880308960495,0.8012000000000004,false,14
82,0.6764880308960496,0.8012000000000004,false,14
83,0.6312880308960493,0.8012000000000004,false,7
84,0.5844880308960493,0.8012000000000004,false,4
85,0.5352880308960494,0.8012000000000004,false,0
86,0.48368803089604934,0.8012000000000004,false,0
87,0.4324880308960494,0.8012000000000004,false,0
88,0.3812880308960493,0.8012000000000004,false,0
89,0.3296880308960495,0.8012000000000004,false,0
90,0.27768803089604943,0.8012000000000004,true,0
91,0.3188880308960494,0.8012000000000004,true,0
92,0.3600880308960493,0.8012000000000004,true,0
93,0.40448803089604934,0.8012000000000004,true,0
94,0.45128803089604935,0.8012000000000004,true,0
95,0.49808803089604936,0.8012000000000004,true,0
96,0.5472880308960495,0.8012000000000004,true,4
97,0.5996880308960494,0.8012000000000004,true,6
98,0.6528880308960495,0.8032000000000004,true,7
99,0.7076880308960491,0.8056000000000003,true,13
100,0.7592880308960496,0.8084000000000003,true,20
101,0.8020880308960497,0.8136000000000004,true,20
102,0.8424880308960497,0.8208000000000003,true,22
103,0.8812880308960496,0.8280000000000004,true,22
104,0.9144880308960497,0.8360000000000002,true,23
105,0.9428880308960498,0.8440000000000002,false,23
106,0.9024880308960495,0.8520000000000002,false,23
107,0.8612880308960494,0.8600000000000001,false,22
108,0.8192880308960498,0.8676000000000001,false,22
109,0.7772880308960497,0.8708000000000005,false,22
110,0.7352880308960494,0.8740000000000004,false,22
111,0.6932880308960495,0.8740000000000004,false,12
112,0.6504880308960496,0.8740000000000004,false,12
113,0.6108880308960495,0.8740000000000004,false,10
114,0.5720880308960494,0.8740000000000004,false,9
115,0.5300880308960495,0.8740000000000004,false,0
116,0.4840880308960492,0.8740000000000004,false,0
117,0.43808803089604953,0.8740000000000004,false,0
118,0.39128803089604935,0.8740000000000004,false,0
119,0.3428880308960495,0.8740000000000004,false,0
120,0.2928880308960494,0.8740000000000004,true,0
121,0.33808803089604944,0.8740000000000004,true,0
122,0.3824880308960493,0.8740000000000004,true,0
123,0.42848803089604937,0.8740000000000004,true,0
124,0.4760880308960492,0.8740000000000004,true,0
125,0.5244880308960496,0.8740000000000004,true,0
126,0.5760880308960493,0.8740000000000004,true,8
127,0.6292880308960495,0.8748000000000004,true,8
128,0.6832880308960495,0.8772000000000004,true,9
129,0.7380880308960495,0.8796000000000004,true,12
130,0.7872880308960495,0.8824000000000001,true,22
131,0.8292880308960497,0.8864000000000002,true,22
132,0.8680880308960497,0.8936000000000002,true,22
133,0.9028880308960495,0.9000000000000002,true,22
134,0.9271999999999998,0.9056000000000004,true,23
135,0.9492,0.9104000000000002,false,23
136,0.9079999999999997,0.9148000000000002,false,23
137,0.866,0.9184,false,22
138,0.8240000000000001,0.9220000000000002,false,22
139,0.7828,0.9232000000000002,false,22
140,0.7408,0.9244,false,22
141,0.7019999999999997,0.9244,false,14
142,0.6615999999999999,0.9244,false,12
143,0.6211999999999996,0.9244,false,11
144,0.5815999999999997,0.9244,false,11
145,0.5387999999999997,0.9244,false,0
146,0.49279999999999957,0.9244,false,0
147,0.44679999999999986,0.9244,false,0
148,0.3983999999999996,0.9244,false,0
149,0.34839999999999965,0.9244,false,0
150,0.29759999999999975,0.9244,true,0
151,0.3403999999999997,0.9244,true,0
152,0.3839999999999996,0.9244,true,0
153,0.42919999999999964,0.9244,true,0
154,0.4743999999999997,0.9244,true,0
155,0.5195999999999997,0.9244,true,0
156,0.5695999999999998,0.9244,true,9
157,0.6235999999999998,0.9244,true,12
158,0.6799999999999998,0.9244,true,12
159,0.7371999999999997,0.9252000000000001,true,13
160,0.7843999999999999,0.926,true,18
161,0.8212,0.9268000000000001,true,18
162,0.8488000000000001,0.9284,true,20
163,0.8755999999999999,0.9300000000000002,true,20
164,0.9019999999999997,0.9320000000000002,true,23
165,0.9291999999999999,0.9344,false,23
166,0.8919999999999998,0.9360000000000003,false,23
167,0.8523999999999998,0.9372,false,22
168,0.8136000000000001,0.9384,false,22
169,0.7724,0.9388,false,20
170,0.7279999999999999,0.9388,false,20
171,0.6859999999999998,0.9388,false,14
172,0.6447999999999997,0.9388,false,13
173,0.6043999999999997,0.9388,false,9
174,0.5615999999999997,0.9388,false,7
175,0.5171999999999998,0.9388,false,0
176,0.4695999999999996,0.9388,false,0
177,0.42199999999999976,0.9388,false,0
178,0.3743999999999997,0.9388,false,0
179,0.3267999999999997,0.9388,false,0
180,0.2751999999999997,0.9388,true,0
181,0.31719999999999965,0.9388,true,0
182,0.3607999999999996,0.9388,true,0
183,0.40519999999999967,0.9388,true,0
184,0.4519999999999997,0.9388,true,0
185,0.4987999999999997,0.9388,true,0
186,0.5471999999999996,0.9388,true,6
187,0.5971999999999997,0.9388,true,7
188,0.6479999999999998,0.9388,true,11
189,0.7011999999999996,0.9388,true,14
190,0.7504,0.9392,true,20
191,0.7956,0.9396,true,20
192,0.836,0.9408,true,20
193,0.8691999999999999,0.9416000000000001,true,20
194,0.8983999999999999,0.9423999999999999,true,21
195,0.9228000000000001,0.9432,false,21
196,0.8815999999999998,0.9440000000000001,false,21
197,0.8395999999999998,0.9448000000000001,false,20
198,0.7992,0.9451999999999999,false,20
199,0.7563999999999999,0.9456,false,20
200,0.7127999999999999,0.946,false,20
201,0.6699999999999997,0.946,false,10
202,0.6263999999999997,0.946,false,10
203,0.5803999999999998,0.946,false,6
204,0.5351999999999997,0.946,false,6
205,0.4859999999999998,0.946,false,0
206,0.43639999999999957,0.946,false,0
207,0.3883999999999997,0.946,false,0
208,0.3419999999999997,0.946,false,0
209,0.2963999999999998,0.946,false,0
210,0.2511999999999997,0.946,true,0
211,0.2963999999999998,0.946,true,0
212,0.34319999999999967,0.946,true,0
213,0.3899999999999998,0.946,true,0
214,0.4367999999999996,0.946,true,0
215,0.4835999999999998,0.946,true,0
216,0.5319999999999997,0.946,true,5
217,0.5819999999999999,0.946,true,7
218,0.6343999999999997,0.9464,true,8
219,0.6875999999999998,0.9468000000000001,true,8
220,0.7391999999999999,0.9472,true,17
221,0.7867999999999999,0.9476,true,17
222,0.8284,0.948,true,19
223,0.8644,0.9484,true,20
224,0.8995999999999998,0.9488,true,24
225,0.9347999999999999,0.9496000000000001,false,24
226,0.8927999999999998,0.9500000000000002,false,24
227,0.8483999999999997,0.9504,false,20
228,0.8048000000000001,0.9504,false,19
229,0.7620000000000001,0.9504,false,19
230,0.7199999999999999,0.9504,false,19
231,0.6779999999999997,0.9504,false,9
232,0.6327999999999999,0.9504,false,9
233,0.5859999999999999,0.9504,false,5
234,0.5383999999999997,0.9504,false,4
235,0.4875999999999998,0.9504,false,0
236,0.4351999999999997,0.9504,false,0
237,0.3819999999999997,0.9504,false,0
238,0.32959999999999967,0.9504,false,0
239,0.2787999999999997,0.9504,false,0
240,0.22959999999999972,0.9504,true,0
241,0.27159999999999973,0.9504,true,0
242,0.31359999999999966,0.9504,true,0
243,0.35719999999999963,0.9504,true,0
244,0.40079999999999955,0.9504,true,0
245,0.4467999999999998,0.9504,true,0
246,0.4959999999999996,0.9504,true,4
247,0.5467999999999997,0.9504,true,4
248,0.6007999999999999,0.9504,true,6
249,0.6547999999999996,0.9504,true,7
250,0.7079999999999997,0.9504,true,16
251,0.7548,0.9504,true,17
252,0.7996,0.9504,true,18
253,0.8396000000000001,0.9504,true,19
254,0.8783999999999998,0.9504,true,21
255,0.9115999999999999,0.9508,false,22
256,0.8671999999999999,0.9508,false,21
257,0.8244,0.9508,false,20
258,0.7791999999999998,0.9508,false,19
259,0.7340000000000001,0.9508,false,17
260,0.6887999999999999,0.9508,false,16
261,0.6435999999999997,0.9508,false,8
262,0.5983999999999998,0.9508,false,6
263,0.5523999999999998,0.9508,false,5
264,0.5039999999999997,0.9508,false,5
265,0.45519999999999977,0.9508,false,0
266,0.40639999999999965,0.9508,false,0
267,0.3563999999999997,0.9508,false,0
268,0.3063999999999997,0.9508,false,0
269,0.2563999999999998,0.9508,false,0
270,0.20879999999999974,0.9508,true,0
271,0.25319999999999976,0.9508,true,0
272,0.29759999999999964,0.9508,true,0
273,0.34279999999999977,0.9508,true,0
274,0.38719999999999966,0.9508,true,0
275,0.4323999999999998,0.9508,true,0
276,0.47999999999999976,0.9508,true,5
277,0.5291999999999998,0.9508,true,5
278,0.5776,0.9508,true,7
279,0.6267999999999997,0.9508,true,7
280,0.6743999999999999,0.9508,true,14
281,0.7147999999999999,0.9508,true,14
282,0.7539999999999998,0.9508,true,14
283,0.7939999999999999,0.9508,true,16
284,0.8347999999999999,0.9508,true,20
285,0.8739999999999999,0.9508,false,22
286,0.8319999999999999,0.9508,false,20
287,0.79,0.9508,false,18
288,0.7487999999999999,0.9508,false,15
289,0.706,0.9508,false,15
290,0.6639999999999999,0.9508,false,15
291,0.6155999999999996,0.9508,false,9
292,0.5679999999999997,0.9508,false,9
293,0.5179999999999997,0.9508,false,7
294,0.4719999999999997,0.9508,false,5
295,0.42679999999999985,0.9508,false,0
296,0.37919999999999965,0.9508,false,0
297,0.3307999999999997,0.9508,false,0
298,0.2827999999999998,0.9508,false,0
299,0.23919999999999977,0.9508,false,0
300,0.19879999999999975,0.9508,true,0
301,0.24399999999999977,0.9508,true,0
302,0.28919999999999974,0.9508,true,0
303,0.33439999999999975,0.9508,true,0
304,0.3795999999999997,0.9508,true,0
305,0.4247999999999999,0.9508,true,0
306,0.4707999999999998,0.9508,true,5
307,0.5199999999999999,0.9508,true,5
308,0.5684,0.9508,true,9
309,0.6191999999999998,0.9508,true,9
310,0.6656,0.9508,true,13
311,0.7088000000000001,0.9508,true,13
312,0.7479999999999998,0.9508,true,15
313,0.7807999999999999,0.9508,true,15
314,0.8136,0.9508,true,19
315,0.8463999999999998,0.9508,false,20
316,0.8019999999999999,0.9508,false,20
317,0.7552000000000001,0.9508,false,16
318,0.7084,0.9508,false,16
319,0.6592,0.9508,false,13
320,0.6115999999999999,0.9508,false,13
321,0.5639999999999997,0.9508,false,7
322,0.5147999999999997,0.9508,false,7
323,0.47359999999999985,0.9508,false,4
324,0.43479999999999974,0.9508,false,4
325,0.39359999999999984,0.9508,false,0
326,0.3499999999999998,0.9508,false,0
327,0.30639999999999973,0.9508,false,0
328,0.2627999999999997,0.9508,false,0
329,0.2215999999999998,0.9508,false,0
330,0.18119999999999975,0.9508,true,0
331,0.2255999999999998,0.9508,true,0
332,0.2731999999999998,0.9508,true,0
333,0.31999999999999973,0.9508,true,0
334,0.3675999999999997,0.9508,true,0
335,0.4151999999999998,0.9508,true,0
336,0.4635999999999998,0.9508,true,4
337,0.5143999999999999,0.9508,true,4
338,0.5644,0.9508,true,5
339,0.6135999999999998,0.9508,true,6
340,0.6603999999999999,0.9508,true,13
341,0.7008000000000001,0.9508,true,13
342,0.7395999999999999,0.9508,true,15
343,0.7816,0.9508,true,15
344,0.8231999999999998,0.9508,true,20
345,0.86,0.9508,false,21
346,0.8139999999999997,0.9508,false,20
347,0.7687999999999998,0.9508,false,15
348,0.7219999999999999,0.9508,false,15
349,0.6751999999999998,0.9508,false,13
350,0.6267999999999999,0.9508,false,13
351,0.5799999999999997,0.9508,false,8
352,0.5331999999999999,0.9508,false,8
353,0.4863999999999998,0.9508,false,7
354,0.4419999999999997,0.9508,false,5
355,0.40239999999999987,0.9508,false,0
356,0.3603999999999997,0.9508,false,0
357,0.3175999999999997,0.9508,false,0
358,0.2755999999999998,0.9508,false,0
359,0.2335999999999998,0.9508,false,0
360,0.1923999999999998,0.9508,true,0
361,0.23999999999999982,0.9508,true,0
362,0.2883999999999997,0.9508,true,0
363,0.3359999999999998,0.9508,true,0
364,0.3835999999999997,0.9508,true,0
365,0.4319999999999999,0.9508,true,0
366,0.48119999999999974,0.9508,true,5
367,0.5303999999999999,0.9508,true,7
368,0.5788,0.9508,true,8
369,0.6319999999999999,0.9508,true,9
370,0.6827999999999999,0.9508,true,13
371,0.7280000000000001,0.9508,true,13
372,0.7676,0.9508,true,14
373,0.8039999999999998,0.9508,true,15
374,0.8367999999999999,0.9508,true,21
375,0.8704000000000001,0.9508,false,23
376,0.8251999999999998,0.9508,false,22
377,0.7791999999999999,0.9508,false,16
378,0.7315999999999998,0.9508,false,15
379,0.684,0.9508,false,14
380,0.6364,0.9508,false,13
381,0.5903999999999997,0.9508,false,5
382,0.5436,0.9508,false,3
383,0.4943999999999998,0.9508,false,3
384,0.4443999999999997,0.9508,false,3
385,0.39519999999999983,0.9508,false,0
386,0.3475999999999997,0.9508,false,0
387,0.2983999999999998,0.9508,false,0
388,0.24999999999999975,0.9508,false,0
389,0.2063999999999998,0.9508,false,0
390,0.16279999999999972,0.9508,true,0
391,0.20879999999999976,0.9508,true,0
392,0.2555999999999997,0.9508,true,0
393,0.3015999999999998,0.9508,true,0
394,0.34759999999999974,0.9508,true,0
395,0.39599999999999985,0.9508,true,0
396,0.44439999999999985,0.9508,true,2
397,0.4959999999999998,0.9508,true,2
398,0.5467999999999998,0.9508,true,3
399,0.5983999999999997,0.9508,true,5
400,0.6499999999999999,0.9508,true,12
401,0.6975999999999999,0.9508,true,12
402,0.7447999999999999,0.9508,true,13
403,0.7895999999999997,0.9508,true,15
404,0.8343999999999998,0.9512,true,20
405,0.8768000000000002,0.9516,false,25
406,0.8299999999999998,0.9519999999999998,false,20
407,0.7831999999999999,0.9523999999999999,false,15
408,0.7363999999999998,0.9523999999999999,false,14
409,0.6896000000000001,0.9523999999999999,false,13
410,0.6428,0.9523999999999999,false,13
411,0.5959999999999998,0.9523999999999999,false,4
412,0.5491999999999999,0.9523999999999999,false,3
413,0.5023999999999998,0.9523999999999999,false,3
414,0.4539999999999998,0.9523999999999999,false,3
415,0.40559999999999996,0.9523999999999999,false,0
416,0.35559999999999975,0.9523999999999999,false,0
417,0.3023999999999998,0.9523999999999999,false,0
418,0.24679999999999983,0.9523999999999999,false,0
419,0.19439999999999982,0.9523999999999999,false,0
420,0.15039999999999976,0.9523999999999999,true,0
421,0.1939999999999998,0.9523999999999999,true,0
422,0.23999999999999974,0.9523999999999999,true,0
423,0.28679999999999983,0.9523999999999999,true,0
424,0.3327999999999998,0.9523999999999999,true,0
425,0.3779999999999999,0.9523999999999999,true,0
426,0.4239999999999998,0.9523999999999999,true,1
427,0.4723999999999998,0.9523999999999999,true,3
428,0.5231999999999999,0.9523999999999999,true,4
429,0.5739999999999997,0.9523999999999999,true,4
430,0.6259999999999999,0.9528,true,10
431,0.674,0.9531999999999999,true,10
432,0.7179999999999999,0.9536,true,11
433,0.7607999999999998,0.9540000000000001,true,14
434,0.8051999999999999,0.9544,true,22
435,0.8464,0.9547999999999999,false,22
436,0.8011999999999998,0.9551999999999999,false,22
437,0.7551999999999999,0.9556,false,14
438,0.7083999999999999,0.956,false,13
439,0.6616,0.9564,false,12
440,0.6147999999999999,0.9567999999999999,false,12
441,0.5671999999999996,0.9567999999999999,false,4
442,0.5187999999999998,0.9567999999999999,false,4
443,0.4743999999999998,0.9567999999999999,false,4
444,0.4315999999999998,0.9567999999999999,false,4
445,0.3879999999999999,0.9567999999999999,false,0
446,0.3419999999999997,0.9567999999999999,false,0
447,0.2951999999999998,0.9567999999999999,false,0
448,0.24759999999999974,0.9567999999999999,false,0
449,0.20039999999999977,0.9567999999999999,false,0
450,0.15479999999999974,0.9567999999999999,true,0
451,0.19919999999999977,0.9567999999999999,true,0
452,0.24279999999999974,0.9567999999999999,true,0
453,0.2879999999999998,0.9567999999999999,true,0
454,0.3331999999999998,0.9567999999999999,true,0
455,0.37919999999999987,0.9567999999999999,true,0
456,0.42839999999999984,0.9567999999999999,true,4
457,0.4799999999999997,0.9567999999999999,true,4
458,0.5323999999999999,0.9571999999999999,true,4
459,0.5847999999999997,0.9575999999999999,true,4
460,0.6315999999999999,0.958,true,8
461,0.6744,0.9584,true,10
462,0.7171999999999998,0.9588,true,11
463,0.7599999999999999,0.9592,true,12
464,0.8035999999999998,0.9595999999999999,true,21
465,0.8488000000000001,0.96,false,23
466,0.8051999999999998,0.9603999999999999,false,21
467,0.7615999999999997,0.9608,false,14
468,0.7172,0.9612,false,11
469,0.6719999999999999,0.9616,false,10
470,0.626,0.9620000000000001,false,10
471,0.5807999999999996,0.9620000000000001,false,6
472,0.5339999999999998,0.9620000000000001,false,6
473,0.4863999999999997,0.9620000000000001,false,6
474,0.43879999999999986,0.9620000000000001,false,4
475,0.38799999999999985,0.9620000000000001,false,0
476,0.3363999999999998,0.9620000000000001,false,0
477,0.28479999999999983,0.9620000000000001,false,0
478,0.23479999999999973,0.9620000000000001,false,0
479,0.18999999999999978,0.9620000000000001,false,0
480,0.1503999999999998,0.9620000000000001,true,0
481,0.1979999999999998,0.9620000000000001,true,0
482,0.24559999999999974,0.9620000000000001,true,0
483,0.29319999999999985,0.9620000000000001,true,0
484,0.3407999999999998,0.9620000000000001,true,0
485,0.3883999999999999,0.9620000000000001,true,0
486,0.4383999999999999,0.9620000000000001,true,4
487,0.48919999999999986,0.9620000000000001,true,6
488,0.54,0.9623999999999999,true,6
489,0.5907999999999997,0.9628,true,6
490,0.6352,0.9632,true,10
491,0.6748000000000002,0.9636,true,10
492,0.7143999999999998,0.9640000000000001,true,11
493,0.7515999999999999,0.9643999999999999,true,12
494,0.7887999999999998,0.9647999999999999,true,22
495,0.8268000000000001,0.9652,false,22
496,0.7799999999999997,0.9656,false,22
497,0.7323999999999999,0.966,false,12
498,0.6855999999999998,0.9664,false,11
499,0.6364000000000001,0.9668000000000001,false,10
500,0.5887999999999999,0.9672,false,10
501,0.5411999999999996,0.9672,false,6
502,0.49359999999999987,0.9672,false,5
503,0.4495999999999998,0.9672,false,4
504,0.4087999999999999,0.9672,false,4
505,0.36719999999999986,0.9672,false,0
506,0.32319999999999977,0.9672,false,0
507,0.2791999999999999,0.9672,false,0
508,0.23359999999999978,0.9672,false,0
509,0.1863999999999998,0.9672,false,0
510,0.1383999999999998,0.9672,true,0
511,0.18279999999999977,0.9672,true,0
512,0.2271999999999997,0.9672,true,0
513,0.2715999999999999,0.9672,true,0
514,0.3151999999999998,0.9672,true,0
515,0.3571999999999999,0.9672,true,0
516,0.4023999999999998,0.9672,true,3
517,0.4491999999999998,0.9672,true,3
518,0.4968,0.9672,true,3
519,0.5435999999999998,0.9672,true,3
520,0.5876,0.9672,true,7
521,0.6283999999999998,0.9672,true,8
522,0.6707999999999997,0.9675999999999999,true,11
523,0.7156,0.968,true,12
524,0.7611999999999999,0.968,true,19
525,0.8076000000000001,0.968,false,19
526,0.7631999999999999,0.968,false,19
527,0.7179999999999999,0.968,false,13
528,0.6711999999999999,0.968,false,11
529,0.6244000000000001,0.968,false,9
530,0.5743999999999999,0.968,false,9
531,0.5243999999999996,0.968,false,6
532,0.4744,0.968,false,6
533,0.42759999999999976,0.968,false,5
534,0.3823999999999998,0.968,false,4
535,0.3383999999999998,0.968,false,0
536,0.2999999999999998,0.968,false,0
537,0.2619999999999998,0.968,false,0
538,0.22399999999999978,0.968,false,0
539,0.1859999999999998,0.968,false,0
540,0.14799999999999983,0.968,true,0
541,0.19079999999999978,0.968,true,0
542,0.23519999999999974,0.968,true,0
543,0.28039999999999976,0.968,true,0
544,0.3263999999999998,0.968,true,0
545,0.37239999999999995,0.968,true,0
546,0.41919999999999985,0.968,true,3
547,0.46759999999999985,0.968,true,5
548,0.5167999999999999,0.968,true,6
549,0.5659999999999997,0.968,true,6
550,0.6108,0.968,true,9
551,0.6515999999999998,0.968,true,9
552,0.6868,0.968,true,11
553,0.7236000000000001,0.968,true,13
554,0.7607999999999998,0.968,true,19
555,0.7988000000000001,0.9684,false,19
556,0.7527999999999999,0.9684,false,19
557,0.706,0.9684,false,13
558,0.6575999999999997,0.9684,false,11
559,0.6067999999999999,0.9684,false,9
560,0.5576,0.9684,false,9
561,0.5083999999999999,0.9684,false,5
562,0.45919999999999994,0.9684,false,5
563,0.41399999999999976,0.9684,false,5
564,0.3751999999999998,0.9684,false,5
565,0.33719999999999994,0.9684,false,0
566,0.2991999999999998,0.9684,false,0
567,0.2611999999999999,0.9684,false,0
568,0.2231999999999998,0.9684,false,0
569,0.1851999999999998,0.9684,false,0
570,0.14719999999999986,0.9684,true,0
571,0.19239999999999977,0.9684,true,0
572,0.23919999999999977,0.9684,true,0
573,0.28599999999999987,0.9684,true,0
574,0.3327999999999998,0.9684,true,0
575,0.3779999999999999,0.9684,true,0
576,0.42559999999999987,0.9684,true,5
577,0.4763999999999999,0.9684,true,5
578,0.5271999999999999,0.9684,true,5
579,0.5771999999999998,0.9684,true,6
580,0.6228000000000001,0.9684,true,9
581,0.6612,0.9684,true,9
582,0.6979999999999998,0.9684,true,11
583,0.7356,0.9684,true,13
584,0.7744,0.9684,true,19
585,0.8108000000000003,0.9688,false,19
586,0.7631999999999999,0.9688,false,19
587,0.7147999999999999,0.9688,false,13
588,0.6648000000000001,0.9688,false,11
589,0.6148,0.9688,false,9
590,0.5647999999999999,0.9688,false,9
591,0.5139999999999997,0.9688,false,4
592,0.4623999999999999,0.9688,false,4
593,0.41879999999999984,0.9688,false,4
594,0.37839999999999985,0.9688,false,4
595,0.3387999999999999,0.9688,false,0
596,0.2967999999999998,0.9688,false,0
597,0.2539999999999998,0.9688,false,0
598,0.2143999999999998,0.9688,false,0
599,0.17559999999999984,0.9688,false,0
600,0.1367999999999998,0.9688,true,0
601,0.1835999999999998,0.9688,true,0
602,0.23039999999999974,0.9688,true,0
603,0.27559999999999985,0.9688,true,0
604,0.3223999999999998,0.9688,true,0
605,0.3675999999999999,0.9688,true,0
606,0.4151999999999998,0.9688,true,4
607,0.4627999999999999,0.9688,true,4
608,0.5128,0.9688,true,4
609,0.5619999999999997,0.9688,true,4
610,0.6104,0.9688,true,9
611,0.6507999999999999,0.9688,true,10
612,0.6903999999999998,0.9688,true,12
613,0.7308000000000001,0.9692000000000001,true,12
614,0.7727999999999998,0.9695999999999999,true,19
615,0.8164000000000001,0.97,false,19
616,0.7711999999999998,0.9703999999999999,false,19
617,0.7268000000000001,0.9708,false,12
618,0.6807999999999998,0.9712000000000001,false,12
619,0.6348,0.9716,false,10
620,0.5888,0.972,false,10
621,0.5411999999999998,0.972,false,7
622,0.49279999999999985,0.972,false,7
623,0.4467999999999997,0.972,false,6
624,0.40319999999999984,0.972,false,4
625,0.3611999999999999,0.972,false,0
626,0.3191999999999998,0.972,false,0
627,0.2771999999999999,0.972,false,0
628,0.23519999999999983,0.972,false,0
629,0.19479999999999978,0.972,false,0
630,0.15679999999999983,0.972,true,0
631,0.20519999999999974,0.972,true,0
632,0.2535999999999997,0.972,true,0
633,0.30199999999999994,0.972,true,0
634,0.3503999999999998,0.972,true,0
635,0.39879999999999993,0.972,true,0
636,0.4479999999999999,0.972,true,4
637,0.4995999999999998,0.972,true,6
638,0.5512,0.9723999999999999,true,7
639,0.6019999999999998,0.9728,true,7
640,0.6492,0.9732,true,10
641,0.6896000000000001,0.9736,true,10
642,0.7299999999999999,0.9740000000000001,true,12
643,0.7688000000000001,0.9743999999999999,true,12
644,0.8039999999999998,0.9748,true,22
645,0.8416000000000001,0.9752,false,23
646,0.7963999999999998,0.9756,false,23
647,0.7495999999999999,0.976,false,12
648,0.7011999999999999,0.9764,false,12
649,0.6528000000000002,0.9768000000000001,false,10
650,0.6043999999999999,0.9772,false,10
651,0.5559999999999996,0.9772,false,4
652,0.5075999999999999,0.9772,false,4
653,0.46159999999999973,0.9772,false,4
654,0.41639999999999977,0.9772,false,4
655,0.3695999999999999,0.9772,false,0
656,0.32199999999999984,0.9772,false,0
657,0.2743999999999998,0.9772,false,0
658,0.22759999999999977,0.9772,false,0
659,0.18479999999999983,0.9772,false,0
660,0.14279999999999982,0.9772,true,0
661,0.18879999999999977,0.9772,true,0
662,0.23479999999999976,0.9772,true,0
663,0.2807999999999998,0.9772,true,0
664,0.32679999999999987,0.9772,true,0
665,0.37279999999999996,0.9772,true,0
666,0.42119999999999974,0.9772,true,4
667,0.46959999999999985,0.9772,true,4
668,0.5172,0.9776,true,4
669,0.5647999999999997,0.978,true,4
670,0.6088,0.9784,true,9
671,0.6487999999999999,0.9788,true,9
672,0.6883999999999999,0.9792000000000001,true,11
673,0.7295999999999999,0.9795999999999999,true,11
674,0.7715999999999998,0.98,true,20
675,0.8136000000000001,0.9804,false,20
676,0.7659999999999998,0.9808,false,20
677,0.7183999999999999,0.9812000000000001,false,11
678,0.6699999999999998,0.9815999999999999,false,11
679,0.6192,0.9815999999999999,false,9
680,0.5683999999999998,0.9815999999999999,false,9
681,0.5175999999999997,0.9815999999999999,false,4
682,0.46679999999999994,0.9815999999999999,false,4
683,0.41639999999999977,0.9815999999999999,false,3
684,0.3723999999999998,0.9815999999999999,false,3
685,0.3311999999999999,0.9815999999999999,false,0
686,0.2899999999999998,0.9815999999999999,false,0
687,0.24919999999999984,0.9815999999999999,false,0
688,0.2075999999999998,0.9815999999999999,false,0
689,0.1667999999999998,0.9815999999999999,false,0
690,0.1267999999999998,0.9815999999999999,true,0
691,0.1743999999999998,0.9815999999999999,true,0
692,0.22119999999999979,0.9815999999999999,true,0
693,0.2679999999999998,0.9815999999999999,true,0
694,0.3147999999999998,0.9815999999999999,true,0
695,0.3615999999999999,0.9815999999999999,true,0
696,0.4099999999999998,0.9815999999999999,true,3
697,0.45999999999999985,0.9815999999999999,true,4
698,0.51,0.982,true,4
699,0.5599999999999998,0.9823999999999999,true,4
700,0.6072,0.9828,true,9
701,0.6472,0.9832,true,9
702,0.6859999999999998,0.9836,true,11
703,0.7256,0.9840000000000001,true,11
704,0.7667999999999998,0.9843999999999999,true,21
705,0.8088000000000002,0.9848,false,21
706,0.7619999999999998,0.9852,false,21
707,0.7143999999999999,0.9856,false,11
708,0.6651999999999998,0.986,false,11
709,0.6151999999999999,0.9864,false,9
710,0.5651999999999998,0.9868000000000001,false,9
711,0.5151999999999998,0.9868000000000001,false,4
712,0.4651999999999999,0.9868000000000001,false,4
713,0.4195999999999998,0.9868000000000001,false,4
714,0.38039999999999985,0.9868000000000001,false,4
715,0.33999999999999986,0.9868000000000001,false,0
716,0.2979999999999998,0.9868000000000001,false,0
717,0.2559999999999998,0.9868000000000001,false,0
718,0.21399999999999977,0.9868000000000001,false,0
719,0.17199999999999982,0.9868000000000001,false,0
720,0.1299999999999998,0.9868000000000001,true,0
721,0.1767999999999998,0.9868000000000001,true,0
722,0.22359999999999977,0.9868000000000001,true,0
723,0.27039999999999975,0.9868000000000001,true,0
724,0.3171999999999998,0.9868000000000001,true,0
725,0.36399999999999993,0.9868000000000001,true,0
726,0.4123999999999998,0.9868000000000001,true,4
727,0.4623999999999998,0.9868000000000001,true,4
728,0.5131999999999999,0.9872,true,4
729,0.5639999999999997,0.9872,true,4
730,0.6103999999999999,0.9872,true,9
731,0.6528,0.9872,true,9
732,0.6939999999999997,0.9872,true,11
733,0.7343999999999999,0.9872,true,11
734,0.7755999999999998,0.9872,true,21
735,0.8176000000000001,0.9872,false,21
736,0.7707999999999998,0.9872,false,21
737,0.7239999999999999,0.9872,false,11
738,0.6763999999999997,0.9872,false,11
739,0.6279999999999999,0.9872,false,9
740,0.5787999999999998,0.9872,false,9
741,0.5287999999999998,0.9872,false,4
742,0.4787999999999999,0.9872,false,4
743,0.4303999999999998,0.9872,false,3
744,0.38679999999999987,0.9872,false,3
745,0.34239999999999987,0.9872,false,0
746,0.29639999999999983,0.9872,false,0
747,0.25039999999999984,0.9872,false,0
748,0.20679999999999982,0.9872,false,0
749,0.16639999999999983,0.9872,false,0
750,0.12639999999999982,0.9872,true,0
751,0.1747999999999998,0.9872,true,0
752,0.22319999999999982,0.9872,true,0
753,0.27159999999999984,0.9872,true,0
754,0.31999999999999984,0.9872,true,0
755,0.3683999999999999,0.9872,true,0
756,0.4175999999999999,0.9872,true,3
757,0.46839999999999976,0.9872,true,3
758,0.5192,0.9872,true,4
759,0.5699999999999998,0.9872,true,4
760,0.6164,0.9872,true,9
761,0.6588,0.9872,true,9
762,0.7011999999999997,0.9872,true,11
763,0.7436,0.9872,true,11
764,0.7847999999999997,0.9872,true,22
765,0.8268000000000002,0.9872,false,23
766,0.7791999999999998,0.9872,false,22
767,0.7307999999999999,0.9872,false,11
768,0.6815999999999999,0.9872,false,11
769,0.6324000000000002,0.9872,false,9
770,0.5831999999999998,0.9872,false,9
771,0.5339999999999998,0.9872,false,3
772,0.484,0.9872,false,3
773,0.43799999999999983,0.9872,false,3
774,0.3935999999999998,0.9872,false,3
775,0.3483999999999999,0.9872,false,0
776,0.3023999999999998,0.9872,false,0
777,0.25639999999999985,0.9872,false,0
778,0.2103999999999998,0.9872,false,0
779,0.16399999999999984,0.9872,false,0
780,0.1215999999999998,0.9872,true,0
781,0.16839999999999983,0.9872,true,0
782,0.2151999999999998,0.9872,true,0
783,0.2619999999999998,0.9872,true,0
784,0.3087999999999998,0.9872,true,0
785,0.35559999999999997,0.9872,true,0
786,0.40399999999999986,0.9872,true,3
787,0.45319999999999977,0.9872,true,3
788,0.5032,0.9872,true,4
789,0.5531999999999998,0.9872,true,4
790,0.6008,0.9872,true,9
791,0.6436,0.9872,true,9
792,0.6867999999999996,0.9872,true,11
793,0.7260000000000001,0.9872,true,11
794,0.7671999999999997,0.9872,true,21
795,0.8092,0.9872,false,21
796,0.7615999999999997,0.9872,false,21
797,0.7140000000000001,0.9872,false,11
798,0.6655999999999999,0.9872,false,11
799,0.6164,0.9872,false,10
800,0.5663999999999999,0.9872,false,9
801,0.5155999999999998,0.9872,false,4
802,0.4647999999999998,0.9872,false,4
803,0.4171999999999998,0.9872,false,2
804,0.37199999999999983,0.9872,false,2
805,0.3283999999999999,0.9872,false,0
806,0.2847999999999998,0.9872,false,0
807,0.24159999999999987,0.9872,false,0
808,0.19999999999999982,0.9872,false,0
809,0.15839999999999985,0.9872,false,0
810,0.1167999999999998,0.9872,true,0
811,0.16199999999999978,0.9872,true,0
812,0.20799999999999982,0.9872,true,0
813,0.25479999999999986,0.9872,true,0
814,0.3015999999999998,0.9872,true,0
815,0.3483999999999999,0.9872,true,0
816,0.3967999999999999,0.9872,true,2
817,0.4467999999999997,0.9872,true,2
818,0.4968,0.9872,true,4
819,0.5467999999999997,0.9872,true,4
820,0.5943999999999999,0.9872,true,8
821,0.6396000000000001,0.9872,true,8
822,0.6847999999999999,0.9872,true,10
823,0.7292000000000002,0.9872,true,11
824,0.7703999999999998,0.9872,true,21
825,0.8132,0.9872,false,21
826,0.7655999999999997,0.9872,false,21
827,0.7172,0.9872,false,11
828,0.6672,0.9872,false,10
829,0.6172000000000001,0.9872,false,8
830,0.5671999999999998,0.9872,false,8
831,0.5163999999999997,0.9872,false,2
832,0.4663999999999999,0.9872,false,2
833,0.4203999999999997,0.9872,false,2
834,0.3759999999999998,0.9872,false,2
835,0.3307999999999999,0.9872,false,0
836,0.28479999999999983,0.9872,false,0
837,0.23879999999999985,0.9872,false,0
838,0.19359999999999988,0.9872,false,0
839,0.14959999999999982,0.9872,false,0
840,0.10719999999999981,0.9872,true,0
841,0.15559999999999982,0.9872,true,0
842,0.20319999999999985,0.9872,true,0
843,0.2515999999999999,0.9872,true,0
844,0.2999999999999998,0.9872,true,0
845,0.3483999999999999,0.9872,true,0
846,0.3983999999999998,0.9872,true,2
847,0.44839999999999974,0.9872,true,2
848,0.4992000000000001,0.9872,true,2
849,0.5499999999999997,0.9872,true,3
850,0.5995999999999999,0.9872,true,8
851,0.6452000000000001,0.9872,true,8
852,0.6903999999999998,0.9872,true,10
853,0.7340000000000001,0.9872,true,11
854,0.7771999999999997,0.9872,true,23
855,0.8212,0.9872,false,23
856,0.7735999999999997,0.9872,false,23
857,0.7251999999999998,0.9872,false,11
858,0.6759999999999999,0.9872,false,10
859,0.6268000000000002,0.9872,false,8
860,0.5775999999999999,0.9872,false,8
861,0.5283999999999998,0.9872,false,3
862,0.47839999999999994,0.9872,false,3
863,0.4315999999999997,0.9872,false,3
864,0.3863999999999998,0.9872,false,3
865,0.33959999999999985,0.9872,false,0
866,0.29119999999999985,0.9872,false,0
867,0.24359999999999984,0.9872,false,0
868,0.1967999999999999,0.9872,false,0
869,0.15279999999999982,0.9872,false,0
870,0.1119999999999998,0.9872,true,0
871,0.1587999999999998,0.9872,true,0
872,0.20559999999999984,0.9872,true,0
873,0.25239999999999985,0.9872,true,0
874,0.29919999999999985,0.9872,true,0
875,0.34439999999999993,0.9872,true,0
876,0.3895999999999997,0.9872,true,3
877,0.43879999999999975,0.9872,true,3
878,0.4864,0.9872,true,3
879,0.5339999999999998,0.9872,true,3
880,0.5788,0.9872,true,8
881,0.6196,0.9872,true,8
882,0.6603999999999998,0.9872,true,8
883,0.7012,0.9872,true,9
884,0.7443999999999997,0.9872,true,19
885,0.79,0.9872,false,19
886,0.7439999999999997,0.9872,false,19
887,0.6964,0.9872,false,10
888,0.6471999999999999,0.9872,false,10
889,0.5972000000000002,0.9872,false,9
890,0.5463999999999999,0.9872,false,8
891,0.4947999999999997,0.9872,false,3
892,0.444,0.9872,false,3
893,0.3991999999999998,0.9872,false,3
894,0.3579999999999998,0.9872,false,3
895,0.3151999999999999,0.9872,false,0
896,0.2699999999999998,0.9872,false,0
897,0.22559999999999986,0.9872,false,0
898,0.18599999999999986,0.9872,false,0
899,0.14639999999999984,0.9872,false,0
900,0.10679999999999983,0.9872,true,0
901,0.1519999999999998,0.9872,true,0
902,0.19719999999999985,0.9872,true,0
903,0.24319999999999983,0.9872,true,0
904,0.2883999999999999,0.9872,true,0
905,0.3335999999999999,0.9872,true,0
906,0.3803999999999998,0.9872,true,3
907,0.4279999999999998,0.9872,true,3
908,0.474,0.9872,true,3
909,0.5215999999999998,0.9872,true,3
910,0.5656,0.9872,true,8
911,0.6056,0.9872,true,8
912,0.6471999999999997,0.9872,true,8
913,0.6896000000000001,0.9872,true,8
914,0.7327999999999999,0.9872,true,17
915,0.7768,0.9872,false,17
916,0.7291999999999997,0.9872,false,17
917,0.6808,0.9872,false,8
918,0.6315999999999998,0.9872,false,8
919,0.5816000000000001,0.9872,false,8
920,0.5299999999999999,0.9872,false,8
921,0.47759999999999964,0.9872,false,3
922,0.4244,0.9872,false,3
923,0.3759999999999998,0.9872,false,3
924,0.3283999999999998,0.9872,false,2
925,0.2839999999999999,0.9872,false,0
926,0.24439999999999987,0.9872,false,0
927,0.20639999999999983,0.9872,false,0
928,0.16919999999999988,0.9872,false,0
929,0.13519999999999988,0.9872,false,0
930,0.10119999999999985,0.9872,true,0
931,0.14639999999999984,0.9872,true,0
932,0.1899999999999999,0.9872,true,0
933,0.2335999999999998,0.9872,true,0
934,0.2787999999999999,0.9872,true,0
935,0.32239999999999996,0.9872,true,0
936,0.36839999999999984,0.9872,true,2
937,0.4143999999999998,0.9872,true,3
938,0.46120000000000005,0.9872,true,3
939,0.5079999999999998,0.9872,true,3
940,0.5524,0.9872,true,8
941,0.5936000000000002,0.9872,true,8
942,0.6355999999999998,0.9872,true,8
943,0.6768000000000001,0.9872,true,8
944,0.7191999999999997,0.9872,true,17
945,0.7632000000000001,0.9872,false,17
946,0.7147999999999998,0.9872,false,17
947,0.6648000000000001,0.9872,false,8
948,0.6132,0.9872,false,8
949,0.5608000000000001,0.9872,false,8
950,0.5075999999999999,0.9872,false,8
951,0.45439999999999986,0.9872,false,2
952,0.4012,0.9872,false,2
953,0.3559999999999998,0.9872,false,2
954,0.31399999999999983,0.9872,false,2
955,0.27519999999999994,0.9872,false,0
956,0.23719999999999988,0.9872,false,0
957,0.19919999999999985,0.9872,false,0
958,0.1635999999999999,0.9872,false,0
959,0.12959999999999985,0.9872,false,0
960,0.09559999999999987,0.9872,true,0
961,0.13999999999999985,0.9872,true,0
962,0.18439999999999987,0.9872,true,0
963,0.2287999999999999,0.9872,true,0
964,0.2731999999999999,0.9872,true,0
965,0.3176,0.9872,true,0
966,0.3627999999999998,0.9872,true,2
967,0.4087999999999999,0.9872,true,2
968,0.4548000000000001,0.9872,true,2
969,0.5007999999999998,0.9872,true,2
970,0.5468000000000001,0.9872,true,7
971,0.5896,0.9872,true,7
972,0.6323999999999999,0.9872,true,7
973,0.6768000000000001,0.9872,true,7
974,0.7219999999999998,0.9872,true,18
975,0.7680000000000001,0.9872,false,19
976,0.7195999999999998,0.9872,false,18
977,0.6712,0.9872,false,7
978,0.6227999999999999,0.9872,false,7
979,0.5735999999999999,0.9872,false,7
980,0.5219999999999999,0.9872,false,7
981,0.46959999999999985,0.9872,false,2
982,0.4172,0.9872,false,2
983,0.36519999999999975,0.9872,false,2
984,0.31639999999999985,0.9872,false,2
985,0.2719999999999999,0.9872,false,0
986,0.2315999999999999,0.9872,false,0
987,0.19519999999999985,0.9872,false,0
988,0.1591999999999999,0.9872,false,0
989,0.12319999999999988,0.9872,false,0
990,0.08719999999999989,0.9872,true,0
991,0.13319999999999985,0.9872,true,0
992,0.17919999999999991,0.9872,true,0
993,0.2251999999999999,0.9872,true,0
994,0.27119999999999994,0.9872,true,0
995,0.3172,0.9872,true,0
996,0.36479999999999974,0.9872,true,2
997,0.4123999999999998,0.9872,true,2
998,0.4608000000000001,0.9872,true,2
999,0.5083999999999999,0.9872,true,2
1000,0.5544,0.9872,true,7
1001,0.5972000000000002,0.9872,true,7
1002,0.6399999999999999,0.9872,true,7
1003,0.6828000000000002,0.9872,true,7
1004,0.7279999999999996,0.9872,true,20
1005,0.7756000000000001,0.9872,false,20
1006,0.7287999999999997,0.9872,false,20
1007,0.6804000000000001,0.9872,false,9
1008,0.6295999999999998,0.9872,false,7
1009,0.5796000000000001,0.9872,false,7
1010,0.5296,0.9872,false,7
1011,0.47879999999999984,0.9872,false,2
1012,0.428,0.9872,false,2
1013,0.38199999999999984,0.9872,false,2
1014,0.3383999999999998,0.9872,false,2
1015,0.2956,0.9872,false,0
1016,0.25199999999999995,0.9872,false,0
1017,0.20839999999999986,0.9872,false,0
1018,0.1663999999999999,0.9872,false,0
1019,0.12479999999999988,0.9872,false,0
1020,0.08719999999999989,0.9872,true,0
1021,0.13399999999999984,0.9872,true,0
1022,0.17919999999999991,0.9872,true,0
1023,0.2243999999999999,0.9872,true,0
1024,0.26959999999999995,0.9872,true,0
1025,0.31479999999999997,0.9872,true,0
1026,0.36079999999999984,0.9872,true,2
1027,0.40759999999999985,0.9872,true,2
1028,0.4520000000000002,0.9872,true,2
1029,0.49719999999999975,0.9872,true,2
1030,0.5416,0.9872,true,7
1031,0.5852000000000002,0.9872,true,7
1032,0.6279999999999998,0.9872,true,7
1033,0.6732,0.9872,true,7
1034,0.7191999999999997,0.9872,true,18
1035,0.7652000000000001,0.9872,false,18
1036,0.7151999999999998,0.9872,false,18
1037,0.6652000000000001,0.9872,false,7
1038,0.6135999999999998,0.9872,false,7
1039,0.5604000000000001,0.9872,false,7
1040,0.5072,0.9872,false,7
1041,0.45479999999999976,0.9872,false,0
1042,0.4032,0.9872,false,0
1043,0.35119999999999973,0.9872,false,0
1044,0.30239999999999984,0.9872,false,0
1045,0.2603999999999999,0.9872,false,0
1046,0.2207999999999999,0.9872,false,0
1047,0.18279999999999988,0.9872,false,0
1048,0.14479999999999993,0.9872,false,0
1049,0.1079999999999999,0.9872,false,0
1050,0.07199999999999988,0.9872,true,0
1051,0.1171999999999999,0.9872,true,0
1052,0.16239999999999996,0.9872,true,0
1053,0.20759999999999987,0.9872,true,0
1054,0.2527999999999999,0.9872,true,0
1055,0.29799999999999993,0.9872,true,0
1056,0.34319999999999984,0.9872,true,0
1057,0.3883999999999998,0.9872,true,0
1058,0.43520000000000003,0.9872,true,0
1059,0.4819999999999998,0.9872,true,0
1060,0.5287999999999999,0.9872,true,7
1061,0.5740000000000002,0.9872,true,7
1062,0.6199999999999998,0.9872,true,7
1063,0.6668000000000001,0.9872,true,7
1064,0.7159999999999996,0.9872,true,19
1065,0.7660000000000001,0.9872,false,19
1066,0.7159999999999996,0.9872,false,19
1067,0.6644000000000001,0.9872,false,7
1068,0.6111999999999997,0.9872,false,7
1069,0.5588000000000001,0.9872,false,7
1070,0.5055999999999999,0.9872,false,7
1071,0.45159999999999983,0.9872,false,0
1072,0.39760000000000006,0.9872,false,0
1073,0.3507999999999998,0.9872,false,0
1074,0.30719999999999986,0.9872,false,0
1075,0.2643999999999999,0.9872,false,0
1076,0.2231999999999999,0.9872,false,0
1077,0.18279999999999988,0.9872,false,0
1078,0.14559999999999992,0.9872,false,0
1079,0.10959999999999988,0.9872,false,0
1080,0.07359999999999989,0.9872,true,0
1081,0.11879999999999988,0.9872,true,0
1082,0.16399999999999995,0.9872,true,0
1083,0.20919999999999989,0.9872,true,0
1084,0.2543999999999999,0.9872,true,0
1085,0.2995999999999999,0.9872,true,0
1086,0.34479999999999983,0.9872,true,0
1087,0.3899999999999998,0.9872,true,0
1088,0.4352000000000001,0.9872,true,0
1089,0.4795999999999998,0.9872,true,0
1090,0.524,0.9872,true,7
1091,0.5692,0.9872,true,7
1092,0.6143999999999997,0.9872,true,7
1093,0.6596000000000001,0.9872,true,7
1094,0.7071999999999997,0.9872,true,18
1095,0.7572,0.9872,false,19
1096,0.7071999999999997,0.9872,false,18
1097,0.6548,0.9872,false,7
1098,0.5999999999999998,0.9872,false,7
1099,0.546,0.9872,false,7
1100,0.49519999999999986,0.9872,false,7
1101,0.4451999999999998,0.9872,false,0
1102,0.39360000000000006,0.9872,false,0
1103,0.3427999999999997,0.9872,false,0
1104,0.2999999999999998,0.9872,false,0
1105,0.2619999999999999,0.9872,false,0
1106,0.22399999999999992,0.9872,false,0
1107,0.18599999999999983,0.9872,false,0
1108,0.1479999999999999,0.9872,false,0
1109,0.10999999999999989,0.9872,false,0
1110,0.07359999999999989,0.9872,true,0
1111,0.12199999999999989,0.9872,true,0
1112,0.1703999999999999,0.9872,true,0
1113,0.21879999999999988,0.9872,true,0
1114,0.26719999999999994,0.9872,true,0
1115,0.31559999999999994,0.9872,true,0
1116,0.36399999999999977,0.9872,true,0
1117,0.41079999999999983,0.9872,true,0
1118,0.4576000000000001,0.9872,true,0
1119,0.5059999999999998,0.9872,true,0
1120,0.5543999999999999,0.9872,true,7
1121,0.6044000000000002,0.9872,true,7
1122,0.6543999999999996,0.9872,true,7
1123,0.7044,0.9872,true,7
1124,0.7543999999999997,0.9872,true,21
1125,0.8044,0.9872,false,21
1126,0.7543999999999997,0.9872,false,21
1127,0.7044,0.9872,false,7
1128,0.6543999999999996,0.9872,false,7
1129,0.6036,0.9872,false,7
1130,0.5519999999999999,0.9872,false,7
1131,0.4987999999999998,0.9872,false,0
1132,0.4456,0.9872,false,0
1133,0.3915999999999997,0.9872,false,0
1134,0.33759999999999984,0.9872,false,0
1135,0.2883999999999999,0.9872,false,0
1136,0.24079999999999988,0.9872,false,0
1137,0.19719999999999985,0.9872,false,0
1138,0.15519999999999995,0.9872,false,0
1139,0.11359999999999988,0.9872,false,0
1140,0.07359999999999989,0.9872,true,0
1141,0.12039999999999988,0.9872,true,0
1142,0.16639999999999994,0.9872,true,0
1143,0.21239999999999984,0.9872,true,0
1144,0.2583999999999999,0.9872,true,0
1145,0.30439999999999995,0.9872,true,0
1146,0.35039999999999977,0.9872,true,0
1147,0.39639999999999986,0.9872,true,0
1148,0.4432000000000001,0.9872,true,0
1149,0.4891999999999998,0.9872,true,0
1150,0.5352,0.9872,true,7
1151,0.5812000000000002,0.9872,true,7
1152,0.6271999999999998,0.9872,true,7
1153,0.674,0.9872,true,7
1154,0.7231999999999996,0.9872,true,20
1155,0.7732000000000001,0.9872,false,20
1156,0.7231999999999996,0.9872,false,20
1157,0.6724000000000001,0.9872,false,7
1158,0.6191999999999998,0.9872,false,7
1159,0.5652000000000001,0.9872,false,7
1160,0.5119999999999999,0.9872,false,7
1161,0.4579999999999999,0.9872,false,1
1162,0.4040000000000001,0.9872,false,0
1163,0.3547999999999998,0.9872,false,0
1164,0.31439999999999985,0.9872,false,0
1165,0.2743999999999999,0.9872,false,0
1166,0.23439999999999991,0.9872,false,0
1167,0.19439999999999982,0.9872,false,0
1168,0.15439999999999995,0.9872,false,0
1169,0.11439999999999989,0.9872,false,0
1170,0.07439999999999988,0.9872,true,0
1171,0.12039999999999988,0.9872,true,0
1172,0.16639999999999994,0.9872,true,0
1173,0.21159999999999987,0.9872,true,0
1174,0.2567999999999999,0.9872,true,0
1175,0.3027999999999999,0.9872,true,0
1176,0.3487999999999997,0.9872,true,0
1177,0.3963999999999998,0.9872,true,0
1178,0.44239999999999996,0.9872,true,0
1179,0.48919999999999975,0.9872,true,1
1180,0.5367999999999999,0.9872,true,7
1181,0.5844,0.9872,true,7
1182,0.6319999999999998,0.9872,true,7
1183,0.6804000000000001,0.9872,true,7
1184,0.7303999999999998,0.9872,true,20
1185,0.7796000000000001,0.9872,false,20
1186,0.7295999999999997,0.9872,false,20
1187,0.6788,0.9872,false,7
1188,0.6263999999999998,0.9872,false,7
1189,0.5748000000000001,0.9872,false,7
1190,0.5224,0.9872,false,7
1191,0.4699999999999998,0.9872,false,0
1192,0.41840000000000005,0.9872,false,0
1193,0.37079999999999985,0.9872,false,0
1194,0.3247999999999998,0.9872,false,0
1195,0.2784,0.9872,false,0
1196,0.23439999999999986,0.9872,false,0
1197,0.19359999999999986,0.9872,false,0
1198,0.15359999999999993,0.9872,false,0
1199,0.11359999999999988,0.9872,false,0
1200,0.07359999999999989,0.9872,true,0
1201,0.12199999999999989,0.9872,true,0
1202,0.1711999999999999,0.9872,true,0
1203,0.2211999999999999,0.9872,true,0
1204,0.26799999999999985,0.9872,true,0
1205,0.31799999999999995,0.9872,true,0
1206,0.3679999999999998,0.9872,true,0
1207,0.41799999999999976,0.9872,true,0
1208,0.4664000000000001,0.9872,true,0
1209,0.5147999999999997,0.9872,true,0
1210,0.5648,0.9872,true,7
1211,0.6148,0.9872,true,7
1212,0.6648,0.9872,true,7
1213,0.7148,0.9872,true,7
1214,0.7655999999999996,0.9872,true,21
1215,0.8172,0.9872,false,23
1216,0.7687999999999998,0.9872,false,23
1217,0.7195999999999999,0.9872,false,7
1218,0.6703999999999998,0.9872,false,7
1219,0.6220000000000002,0.9872,false,7
1220,0.5727999999999999,0.9872,false,7
1221,0.5227999999999997,0.9872,false,2
1222,0.47119999999999995,0.9872,false,0
1223,0.41879999999999973,0.9872,false,0
1224,0.3671999999999999,0.9872,false,0
1225,0.31319999999999987,0.9872,false,0
1226,0.25919999999999993,0.9872,false,0
1227,0.20999999999999985,0.9872,false,0
1228,0.1623999999999999,0.9872,false,0
1229,0.11799999999999987,0.9872,false,0
1230,0.07599999999999989,0.9872,true,0
1231,0.12119999999999986,0.9872,true,0
1232,0.1663999999999999,0.9872,true,0
1233,0.21159999999999987,0.9872,true,0
1234,0.25919999999999993,0.9872,true,0
1235,0.3059999999999999,0.9872,true,0
1236,0.3527999999999999,0.9872,true,0
1237,0.3995999999999998,0.9872,true,0
1238,0.4456,0.9872,true,0
1239,0.4923999999999998,0.9872,true,2
1240,0.5391999999999999,0.9872,true,6
1241,0.5860000000000001,0.9872,true,6
1242,0.6327999999999998,0.9872,true,7
1243,0.6804000000000001,0.9872,true,7
1244,0.7303999999999996,0.9872,true,21
1245,0.7804000000000001,0.9872,false,21
1246,0.7319999999999998,0.9872,false,21
1247,0.6828,0.9872,false,8
1248,0.6327999999999998,0.9872,false,8
1249,0.5812,0.9872,false,7
1250,0.5287999999999999,0.9872,false,7
1251,0.47639999999999977,0.9872,false,0
1252,0.4232,0.9872,false,0
1253,0.3731999999999998,0.9872,false,0
1254,0.3255999999999999,0.9872,false,0
1255,0.2827999999999999,0.9872,false,0
1256,0.23999999999999988,0.9872,false,0
1257,0.19639999999999985,0.9872,false,0
1258,0.15199999999999994,0.9872,false,0
1259,0.1079999999999999,0.9872,false,0
1260,0.0679999999999999,0.9872,true,0
1261,0.11239999999999988,0.9872,true,0
1262,0.15759999999999993,0.9872,true,0
1263,0.20359999999999986,0.9872,true,0
1264,0.2487999999999999,0.9872,true,0
1265,0.2947999999999999,0.9872,true,0
1266,0.34159999999999985,0.9872,true,0
1267,0.3883999999999998,0.9872,true,0
1268,0.43520000000000003,0.9872,true,0
1269,0.48199999999999976,0.9872,true,0
1270,0.5287999999999999,0.9872,true,5
1271,0.5764,0.9872,true,5
1272,0.6247999999999998,0.9872,true,6
1273,0.6732,0.9872,true,6
1274,0.7223999999999997,0.9872,true,19
1275,0.7724,0.9872,false,20
1276,0.7223999999999997,0.9872,false,19
1277,0.6716,0.9872,false,6
1278,0.6199999999999998,0.9872,false,6
1279,0.5684,0.9872,false,5
1280,0.5167999999999999,0.9872,false,5
1281,0.46599999999999975,0.9872,false,2
1282,0.41279999999999994,0.9872,false,0
1283,0.3627999999999998,0.9872,false,0
1284,0.31359999999999977,0.9872,false,0
1285,0.26559999999999995,0.9872,false,0
1286,0.22119999999999995,0.9872,false,0
1287,0.17759999999999987,0.9872,false,0
1288,0.13479999999999992,0.9872,false,0
1289,0.09519999999999992,0.9872,false,0
1290,0.05559999999999991,0.9872,true,0
1291,0.09919999999999991,0.9872,true,0
1292,0.14119999999999996,0.9872,true,0
1293,0.18319999999999986,0.9872,true,0
1294,0.22519999999999993,0.9872,true,0
1295,0.26799999999999996,0.9872,true,0
1296,0.31159999999999977,0.9872,true,0
1297,0.3551999999999998,0.9872,true,0
1298,0.39880000000000004,0.9872,true,0
1299,0.4431999999999999,0.9872,true,0
1300,0.48999999999999994,0.9872,true,2
1301,0.536,0.9872,true,3
1302,0.5828,0.9872,true,4
1303,0.632,0.9872,true,4
1304,0.6827999999999997,0.9872,true,16
1305,0.7368000000000001,0.9872,false,19
1306,0.6907999999999999,0.9872,false,17
1307,0.6416000000000001,0.9872,false,5
1308,0.5923999999999999,0.9872,false,4
1309,0.5416000000000001,0.9872,false,4
1310,0.48919999999999997,0.9872,false,4
1311,0.4359999999999998,0.9872,false,2
1312,0.38280000000000003,0.9872,false,0
1313,0.3319999999999998,0.9872,false,0
1314,0.2811999999999999,0.9872,false,0
1315,0.23479999999999993,0.9872,false,0
1316,0.19319999999999993,0.9872,false,0
1317,0.15279999999999985,0.9872,false,0
1318,0.11319999999999991,0.9872,false,0
1319,0.07519999999999992,0.9872,false,0
1320,0.04439999999999993,0.9872,true,0
1321,0.08559999999999994,0.9872,true,0
1322,0.12759999999999996,0.9872,true,0
1323,0.17039999999999988,0.9872,true,0
1324,0.21239999999999998,0.9872,true,0
1325,0.2536,0.9872,true,0
1326,0.29479999999999984,0.9872,true,0
1327,0.33759999999999984,0.9872,true,0
1328,0.3804000000000001,0.9872,true,0
1329,0.4223999999999999,0.9872,true,0
1330,0.46520000000000006,0.9872,true,4
1331,0.5096,0.9872,true,4
1332,0.5523999999999999,0.9872,true,4
1333,0.5984000000000002,0.9872,true,4
1334,0.6467999999999998,0.9872,true,14
1335,0.6968,0.9872,false,15
1336,0.6467999999999999,0.9872,false,14
1337,0.5952,0.9872,false,4
1338,0.5403999999999999,0.9872,false,4
1339,0.4848000000000002,0.9872,false,4
1340,0.42919999999999997,0.9872,false,4
1341,0.3735999999999999,0.9872,false,0
1342,0.31799999999999995,0.9872,false,0
1343,0.27159999999999984,0.9872,false,0
1344,0.2339999999999999,0.9872,false,0
1345,0.19799999999999998,0.9872,false,0
1346,0.16519999999999996,0.9872,false,0
1347,0.1331999999999999,0.9872,false,0
1348,0.09959999999999995,0.9872,false,0
1349,0.06719999999999994,0.9872,false,0
1350,0.03799999999999993,0.9872,true,0
1351,0.08239999999999995,0.9872,true,0
1352,0.12679999999999997,0.9872,true,0
1353,0.17039999999999988,0.9872,true,0
1354,0.214,0.9872,true,0
1355,0.2576,0.9872,true,0
1356,0.3019999999999998,0.9872,true,0
1357,0.3463999999999998,0.9872,true,0
1358,0.39160000000000006,0.9872,true,0
1359,0.43679999999999986,0.9872,true,0
1360,0.48200000000000004,0.9872,true,3
1361,0.5264000000000001,0.9872,true,3
1362,0.5723999999999998,0.9872,true,3
1363,0.6184000000000002,0.9872,true,3
1364,0.6683999999999998,0.9872,true,18
1365,0.7199999999999999,0.9872,false,18
1366,0.6715999999999999,0.9872,false,18
1367,0.6224000000000001,0.9872,false,5
1368,0.5691999999999998,0.9872,false,3
1369,0.5144000000000001,0.9872,false,3
1370,0.4596,0.9872,false,3
1371,0.4047999999999999,0.9872,false,0
1372,0.35,0.9872,false,0
1373,0.3007999999999998,0.9872,false,0
1374,0.2587999999999999,0.9872,false,0
1375,0.21839999999999993,0.9872,false,0
1376,0.17879999999999996,0.9872,false,0
1377,0.13919999999999988,0.9872,false,0
1378,0.10119999999999994,0.9872,false,0
1379,0.06359999999999993,0.9872,false,0
1380,0.03079999999999992,0.9872,true,0
1381,0.07519999999999995,0.9872,true,0
1382,0.11959999999999997,0.9872,true,0
1383,0.16399999999999987,0.9872,true,0
1384,0.20759999999999998,0.9872,true,0
1385,0.252,0.9872,true,0
1386,0.2955999999999998,0.9872,true,0
1387,0.3391999999999999,0.9872,true,0
1388,0.38520000000000004,0.9872,true,0
1389,0.4287999999999998,0.9872,true,0
1390,0.47400000000000003,0.9872,true,3
1391,0.5176000000000001,0.9872,true,3
1392,0.5635999999999998,0.9872,true,3
1393,0.6096000000000001,0.9872,true,3
1394,0.6587999999999998,0.9872,true,17
1395,0.7103999999999999,0.9872,false,17
1396,0.6619999999999997,0.9872,false,17
1397,0.6128000000000001,0.9872,false,5
1398,0.5603999999999999,0.9872,false,3
1399,0.5047999999999999,0.9872,false,3
1400,0.4483999999999999,0.9872,false,3
1401,0.3927999999999999,0.9872,false,0
1402,0.3372,0.9872,false,0
1403,0.2863999999999998,0.9872,false,0
1404,0.2435999999999999,0.9872,false,0
1405,0.20679999999999993,0.9872,false,0
1406,0.17159999999999997,0.9872,false,0
1407,0.1375999999999999,0.9872,false,0
1408,0.10359999999999994,0.9872,false,0
1409,0.06959999999999994,0.9872,false,0
1410,0.03399999999999993,0.9872,true,0
1411,0.07759999999999995,0.9872,true,0
1412,0.12119999999999997,0.9872,true,0
1413,0.16479999999999986,0.9872,true,0
1414,0.20839999999999997,0.9872,true,0
1415,0.25120000000000003,0.9872,true,0
1416,0.2939999999999998,0.9872,true,0
1417,0.3375999999999999,0.9872,true,0
1418,0.38120000000000004,0.9872,true,0
1419,0.4239999999999998,0.9872,true,0
1420,0.4660000000000001,0.9872,true,3
1421,0.5095999999999999,0.9872,true,3
1422,0.5539999999999998,0.9872,true,3
1423,0.5984000000000002,0.9872,true,3
1424,0.6467999999999998,0.9872,true,15
1425,0.6967999999999998,0.9872,false,15
1426,0.6484000000000001,0.9872,false,15
1427,0.596,0.9872,false,3
1428,0.5403999999999999,0.9872,false,3
1429,0.48400000000000004,0.9872,false,3
1430,0.4275999999999999,0.9872,false,3
1431,0.3711999999999998,0.9872,false,0
1432,0.3147999999999999,0.9872,false,0
1433,0.2671999999999999,0.9872,false,0
1434,0.22839999999999988,0.9872,false,0
1435,0.19199999999999992,0.9872,false,0
1436,0.15559999999999996,0.9872,false,0
1437,0.11999999999999987,0.9872,false,0
1438,0.08439999999999995,0.9872,false,0
1439,0.05479999999999993,0.9872,false,0
1440,0.03079999999999992,0.9872,true,0
1441,0.07279999999999995,0.9872,true,0
1442,0.11479999999999997,0.9872,true,0
1443,0.15679999999999986,0.9872,true,0
1444,0.19879999999999998,0.9872,true,0
1445,0.24080000000000004,0.9872,true,0
1446,0.28199999999999986,0.9872,true,0
1447,0.3231999999999999,0.9872,true,0
1448,0.3636,0.9872,true,0
1449,0.4047999999999999,0.9872,true,0
1450,0.44600000000000006,0.9872,true,3
1451,0.48719999999999997,0.9872,true,3
1452,0.5291999999999998,0.9872,true,3
1453,0.5712000000000002,0.9872,true,3
1454,0.6187999999999998,0.9872,true,13
1455,0.6696,0.9872,false,14
1456,0.6203999999999997,0.9872,false,13
1457,0.568,0.9872,false,3
1458,0.5115999999999999,0.9872,false,3
1459,0.45439999999999997,0.9872,false,3
1460,0.39719999999999994,0.9872,false,3
1461,0.3391999999999999,0.9872,false,0
1462,0.2811999999999999,0.9872,false,0
1463,0.2367999999999999,0.9872,false,0
1464,0.2027999999999999,0.9872,false,0
1465,0.1703999999999999,0.9872,false,0
1466,0.13959999999999995,0.9872,false,0
1467,0.10719999999999988,0.9872,false,0
1468,0.07799999999999993,0.9872,false,0
1469,0.05279999999999993,0.9872,false,0
1470,0.03079999999999992,0.9872,true,0
1471,0.07359999999999994,0.9872,true,0
1472,0.11479999999999997,0.9872,true,0
1473,0.15599999999999986,0.9872,true,0
1474,0.19719999999999996,0.9872,true,0
1475,0.23839999999999997,0.9872,true,0
1476,0.2811999999999999,0.9872,true,0
1477,0.3239999999999999,0.9872,true,0
1478,0.3652,0.9872,true,0
1479,0.40879999999999983,0.9872,true,0
1480,0.4524,0.9872,true,3
1481,0.49520000000000003,0.9872,true,3
1482,0.5379999999999998,0.9872,true,3
1483,0.5824,0.9872,true,3
1484,0.6307999999999998,0.9872,true,12
1485,0.6808,0.9872,false,14
1486,0.6307999999999998,0.9872,false,12
1487,0.58,0.9872,false,3
1488,0.5252,0.9872,false,3
1489,0.4679999999999998,0.9872,false,3
1490,0.4108,0.9872,false,3
1491,0.3535999999999999,0.9872,false,0
1492,0.29559999999999986,0.9872,false,0
1493,0.24559999999999993,0.9872,false,0
1494,0.2067999999999999,0.9872,false,0
1495,0.1739999999999999,0.9872,false,0
1496,0.14039999999999997,0.9872,false,0
1497,0.1051999999999999,0.9872,false,0
1498,0.07319999999999993,0.9872,false,0
1499,0.05079999999999993,0.9872,false,0
1500,0.03079999999999992,0.9872,true,0
1501,0.07279999999999993,0.9872,true,0
1502,0.11399999999999996,0.9872,true,0
1503,0.15519999999999987,0.9872,true,0
1504,0.1956,0.9872,true,0
1505,0.236,0.9872,true,0
1506,0.2779999999999998,0.9872,true,0
1507,0.31999999999999984,0.9872,true,0
1508,0.36200000000000004,0.9872,true,0
1509,0.40319999999999995,0.9872,true,0
1510,0.4444000000000001,0.9872,true,3
1511,0.4847999999999999,0.9872,true,3
1512,0.5259999999999997,0.9872,true,3
1513,0.5696000000000001,0.9872,true,3
1514,0.6163999999999997,0.9872,true,13
1515,0.6672000000000001,0.9872,false,13
1516,0.6171999999999997,0.9872,false,13
1517,0.5648,0.9872,false,3
1518,0.5092,0.9872,false,3
1519,0.45040000000000013,0.9872,false,3
1520,0.3915999999999999,0.9872,false,2
1521,0.3311999999999999,0.9872,false,0
1522,0.27239999999999986,0.9872,false,0
1523,0.22319999999999987,0.9872,false,0
1524,0.18519999999999992,0.9872,false,0
1525,0.1519999999999999,0.9872,false,0
1526,0.12439999999999994,0.9872,false,0
1527,0.0983999999999999,0.9872,false,0
1528,0.07239999999999994,0.9872,false,0
1529,0.04559999999999993,0.9872,false,0
1530,0.02399999999999994,0.9872,true,0
1531,0.06519999999999995,0.9872,true,0
1532,0.10719999999999998,0.9872,true,0
1533,0.14919999999999992,0.9872,true,0
1534,0.19119999999999998,0.9872,true,0
1535,0.2324,0.9872,true,0
1536,0.27359999999999984,0.9872,true,0
1537,0.3147999999999999,0.9872,true,0
1538,0.35680000000000006,0.9872,true,0
1539,0.39879999999999993,0.9872,true,0
1540,0.4407999999999999,0.9872,true,2
1541,0.4844,0.9872,true,2
1542,0.5271999999999999,0.9872,true,2
1543,0.5708000000000001,0.9872,true,2
1544,0.6175999999999998,0.9872,true,11
1545,0.6684,0.9872,false,14
1546,0.6183999999999998,0.9872,false,11
1547,0.5660000000000001,0.9872,false,2
1548,0.5095999999999999,0.9872,false,2
1549,0.4532,0.9872,false,2
1550,0.39679999999999993,0.9872,false,2
1551,0.3403999999999999,0.9872,false,0
1552,0.2831999999999999,0.9872,false,0
1553,0.24119999999999991,0.9872,false,0
1554,0.20559999999999995,0.9872,false,0
1555,0.16919999999999993,0.9872,false,0
1556,0.13359999999999997,0.9872,false,0
1557,0.09919999999999994,0.9872,false,0
1558,0.06919999999999997,0.9872,false,0
1559,0.04359999999999998,0.9872,false,0
1560,0.02199999999999996,0.9872,true,0
1561,0.06399999999999999,0.9872,true,0
1562,0.10439999999999999,0.9872,true,0
1563,0.14479999999999993,0.9872,true,0
1564,0.18680000000000002,0.9872,true,0
1565,0.2288,0.9872,true,0
1566,0.2707999999999999,0.9872,true,0
1567,0.31279999999999986,0.9872,true,0
1568,0.3548000000000001,0.9872,true,0
1569,0.3968,0.9872,true,0
1570,0.43879999999999997,0.9872,true,2
1571,0.48160000000000003,0.9872,true,2
1572,0.5243999999999999,0.9872,true,2
1573,0.5688000000000001,0.9872,true,2
1574,0.6163999999999998,0.9872,true,13
1575,0.6664000000000001,0.9872,false,15
1576,0.6179999999999999,0.9872,false,13
1577,0.5663999999999999,0.9872,false,2
1578,0.5108,0.9872,false,2
1579,0.45439999999999997,0.9872,false,2
1580,0.398,0.9872,false,2
1581,0.34159999999999996,0.9872,false,0
1582,0.28519999999999995,0.9872,false,0
1583,0.24119999999999991,0.9872,false,0
1584,0.20679999999999993,0.9872,false,0
1585,0.17279999999999998,0.9872,false,0
1586,0.1412,0.9872,false,0
1587,0.11119999999999994,0.9872,false,0
1588,0.08039999999999997,0.9872,false,0
1589,0.05039999999999998,0.9872,false,0
1590,0.02439999999999996,0.9872,true,0
1591,0.06799999999999998,0.9872,true,0
1592,0.1108,0.9872,true,0
1593,0.15439999999999993,0.9872,true,0
1594,0.19720000000000001,0.9872,true,0
1595,0.2408,0.9872,true,0
1596,0.2835999999999999,0.9872,true,0
1597,0.32639999999999986,0.9872,true,0
1598,0.36920000000000014,0.9872,true,0
1599,0.412,0.9872,true,0
1600,0.45480000000000004,0.9872,true,2
1601,0.4976000000000001,0.9872,true,2
1602,0.5411999999999998,0.9872,true,2
1603,0.5864000000000001,0.9872,true,2
1604,0.6355999999999997,0.9872,true,16
1605,0.6872,0.9872,false,16
1606,0.6387999999999998,0.9872,false,16
1607,0.5888000000000001,0.9872,false,4
1608,0.5355999999999999,0.9872,false,4
1609,0.48080000000000006,0.9872,false,2
1610,0.42519999999999997,0.9872,false,2
1611,0.36959999999999993,0.9872,false,0
1612,0.314,0.9872,false,0
1613,0.26679999999999987,0.9872,false,0
1614,0.2299999999999999,0.9872,false,0
1615,0.19319999999999996,0.9872,false,0
1616,0.158,0.9872,false,0
1617,0.12439999999999993,0.9872,false,0
1618,0.09239999999999998,0.9872,false,0
1619,0.05879999999999997,0.9872,false,0
1620,0.02519999999999996,0.9872,true,0
1621,0.06799999999999998,0.9872,true,0
1622,0.1108,0.9872,true,0
1623,0.15359999999999993,0.9872,true,0
1624,0.19640000000000002,0.9872,true,0
1625,0.23920000000000002,0.9872,true,0
1626,0.2827999999999999,0.9872,true,0
1627,0.3255999999999999,0.9872,true,0
1628,0.36920000000000014,0.9872,true,0
1629,0.41119999999999995,0.9872,true,0
1630,0.4539999999999999,0.9872,true,2
1631,0.4968000000000001,0.9872,true,2
1632,0.5403999999999999,0.9872,true,2
1633,0.5840000000000001,0.9872,true,2
1634,0.6323999999999997,0.9872,true,14
1635,0.684,0.9872,false,16
1636,0.6347999999999998,0.9872,false,14
1637,0.5840000000000001,0.9872,false,3
1638,0.5291999999999999,0.9872,false,2
1639,0.4728,0.9872,false,2
1640,0.4164,0.9872,false,2
1641,0.35919999999999996,0.9872,false,0
1642,0.30199999999999994,0.9872,false,0
1643,0.2527999999999999,0.9872,false,0
1644,0.21479999999999994,0.9872,false,0
1645,0.18039999999999992,0.9872,false,0
1646,0.14679999999999999,0.9872,false,0
1647,0.11319999999999991,0.9872,false,0
1648,0.08119999999999995,0.9872,false,0
1649,0.04839999999999997,0.9872,false,0
1650,0.02199999999999996,0.9872,true,0
1651,0.06239999999999998,0.9872,true,0
1652,0.1036,0.9872,true,0
1653,0.14559999999999992,0.9872,true,0
1654,0.18840000000000004,0.9872,true,0
1655,0.23200000000000004,0.9872,true,0
1656,0.27399999999999997,0.9872,true,0
1657,0.3159999999999999,0.9872,true,0
1658,0.3588000000000001,0.9872,true,0
1659,0.40240000000000004,0.9872,true,0
1660,0.44599999999999995,0.9872,true,2
1661,0.4888,0.9872,true,2
1662,0.5331999999999999,0.9872,true,2
1663,0.5784000000000001,0.9872,true,2
1664,0.6259999999999998,0.9872,true,11
1665,0.676,0.9872,false,15
1666,0.6259999999999998,0.9872,false,11
1667,0.5736000000000001,0.9872,false,2
1668,0.5187999999999999,0.9872,false,2
1669,0.46239999999999987,0.9872,false,2
1670,0.4043999999999999,0.9872,false,2
1671,0.34639999999999993,0.9872,false,0
1672,0.28759999999999997,0.9872,false,0
1673,0.2407999999999999,0.9872,false,0
1674,0.19879999999999992,0.9872,false,0
1675,0.16159999999999997,0.9872,false,0
1676,0.1284,0.9872,false,0
1677,0.09599999999999992,0.9872,false,0
1678,0.06759999999999997,0.9872,false,0
1679,0.04279999999999998,0.9872,false,0
1680,0.02199999999999996,0.9872,true,0
1681,0.06319999999999998,0.9872,true,0
1682,0.10679999999999999,0.9872,true,0
1683,0.15039999999999992,0.9872,true,0
1684,0.19400000000000003,0.9872,true,0
1685,0.23759999999999998,0.9872,true,0
1686,0.2811999999999999,0.9872,true,0
1687,0.3247999999999998,0.9872,true,0
1688,0.36840000000000017,0.9872,true,0
1689,0.412,0.9872,true,0
1690,0.4556,0.9872,true,2
1691,0.4992000000000001,0.9872,true,2
1692,0.5427999999999998,0.9872,true,2
1693,0.5880000000000002,0.9872,true,2
1694,0.6371999999999998,0.9872,true,14
1695,0.688,0.9872,false,16
1696,0.6387999999999998,0.9872,false,14
1697,0.5880000000000001,0.9872,false,2
1698,0.5331999999999999,0.9872,false,2
1699,0.47840000000000016,0.9872,false,2
1700,0.42200000000000004,0.9872,false,2
1701,0.3655999999999999,0.9872,false,0
1702,0.3092,0.9872,false,0
1703,0.2619999999999999,0.9872,false,0
1704,0.2219999999999999,0.9872,false,0
1705,0.18639999999999998,0.9872,false,0
1706,0.15,0.9872,false,0
1707,0.11359999999999994,0.9872,false,0
1708,0.07799999999999997,0.9872,false,0
1709,0.04639999999999997,0.9872,false,0
1710,0.02199999999999996,0.9872,true,0
1711,0.06559999999999998,0.9872,true,0
1712,0.1092,0.9872,true,0
1713,0.15279999999999994,0.9872,true,0
1714,0.19640000000000002,0.9872,true,0
1715,0.24,0.9872,true,0
1716,0.28199999999999986,0.9872,true,0
1717,0.3255999999999999,0.9872,true,0
1718,0.36920000000000014,0.9872,true,0
1719,0.41279999999999994,0.9872,true,0
1720,0.45640000000000003,0.9872,true,2
1721,0.5000000000000001,0.9872,true,2
1722,0.5436,0.9872,true,2
1723,0.5872000000000002,0.9872,true,2
1724,0.6355999999999997,0.9872,true,14
1725,0.688,0.9872,false,17
1726,0.6395999999999997,0.9872,false,15
1727,0.5888000000000001,0.9872,false,4
1728,0.5339999999999998,0.9872,false,2
1729,0.4776,0.9872,false,2
1730,0.42119999999999996,0.9872,false,2
1731,0.364,0.9872,false,0
1732,0.30519999999999997,0.9872,false,0
1733,0.2563999999999999,0.9872,false,0
1734,0.21959999999999988,0.9872,false,0
1735,0.18319999999999992,0.9872,false,0
1736,0.14759999999999998,0.9872,false,0
1737,0.11479999999999992,0.9872,false,0
